added,channel_count,total_capacity,tor_nodes,clearnet_nodes,unannounced_nodes,clearnet_tor_nodes
1598054400000,29587,76609369572,2072,2448,909,423
1598140800000,29666,76842408816,2081,2452,907,424
1598227200000,29922,77517030976,2087,2451,909,428
1598313600000,30073,77544538271,2091,2466,927,428
1598400000000,29943,77142326615,2087,2463,921,429
1598486400000,29953,77314686166,2092,2466,927,429
1598572800000,29920,77435153801,2093,2461,936,431
1598659200000,29786,77751463479,2090,2458,939,430
1598745600000,29981,78385107280,2099,2461,947,432
1598832000000,30172,78939441818,2107,2467,952,434
1598918400000,30112,79222501682,2111,2462,956,433
1599004800000,29888,79303971028,2107,2454,958,433
1599091200000,29986,79663059538,2113,2455,960,434
1599177600000,30023,79694416314,2118,2456,964,434
1599264000000,30058,79868329546,2122,2457,968,434
1599350400000,30039,79817664488,2119,2458,965,434
1599436800000,29953,79779508805,2122,2458,966,432
1599523200000,29976,80473215981,2126,2444,948,432
1599609600000,30158,80953107921,2137,2452,949,432
1599696000000,30236,81159721719,2143,2455,947,432
1599782400000,30221,81388434650,2143,2459,940,431
1599868800000,30145,81059406884,2143,2458,933,431
1599955200000,30354,81644661287,2153,2462,928,431
1600041600000,30364,81549774814,2149,2465,926,432
1600128000000,30299,81657338068,2154,2465,926,432
1600214400000,30240,81611611887,2148,2466,918,431
1600300800000,30259,81650845556,2152,2466,916,431
1600387200000,30146,81879787883,2161,2462,913,432
1600473600000,29913,82016379482,2159,2458,912,428
1600560000000,29322,81542748492,2157,2441,900,426
1600646400000,29384,82165023371,2156,2441,900,425
1600732800000,29301,82669330321,2155,2436,900,425
1600819200000,29207,83162429109,2152,2435,897,425
1600905600000,29288,83326011984,2159,2440,900,427
1600992000000,29358,83649380018,2162,2443,904,428
1601078400000,29437,83788138204,2166,2453,907,431
1601164800000,29561,84140275213,2182,2452,911,435
1601251200000,29544,84223783363,2184,2438,906,436
1601337600000,29516,84277404323,2182,2438,906,436
1601424000000,29512,84124969872,2182,2435,905,435
1601510400000,29540,84261402672,2186,2444,903,437
1601596800000,29509,84434868263,2185,2446,901,437
1601683200000,29520,84529442698,2183,2442,901,439
1601769600000,29506,84687187034,2180,2444,905,438
1601856000000,29967,84912080990,2192,2444,903,436
1601942400000,29993,84730421805,2193,2408,901,437
1602028800000,29952,84691053616,2193,2384,897,436
1602115200000,29935,84518845815,2192,2393,895,436
1602201600000,29949,84364469416,2195,2393,893,437
1602288000000,29912,84476078854,2202,2391,885,437
1602374400000,29878,84319582462,2197,2392,885,439
1602460800000,29911,85266093408,2199,2400,888,440
1602547200000,29948,85640726443,2202,2425,902,441
1602633600000,29964,85611695913,2205,2425,904,441
1602720000000,30035,85615765498,2209,2426,905,442
1602806400000,30122,85462252441,2210,2450,905,442
1602892800000,30099,85745511232,2213,2448,903,443
1602979200000,30143,85591306804,2220,2450,903,444
1603065600000,30112,84899695691,2217,2451,902,445
1603152000000,30070,85575286368,2219,2448,902,446
1603238400000,30015,85167351728,2219,2451,903,445
1603324800000,29900,84655010169,2223,2444,902,444
1603411200000,29850,84617152224,2225,2443,897,443
1603497600000,29832,84250185414,2221,2435,899,443
1603584000000,29434,82659078864,2220,2438,895,443
1603670400000,29393,82270950287,2223,2437,895,443
1603756800000,29355,82570036784,2224,2418,881,445
1603843200000,29258,82239617108,2222,2415,877,443
1603929600000,29223,82213499491,2222,2414,877,447
1604016000000,28885,81867451423,2221,2407,879,447
1604102400000,28767,81271841196,2218,2404,874,446
1604188800000,28627,80337537043,2219,2402,873,446
1604275200000,28544,79897386324,2223,2401,871,446
1604361600000,28310,79102092944,2209,2397,863,444
1604448000000,28289,78435179551,2208,2413,875,445
1604534400000,28054,78390074595,2207,2399,875,446
1604620800000,27909,77984519951,2207,2398,876,445
1604707200000,27852,77848407874,2212,2390,873,446
1604793600000,27904,78174308993,2225,2389,872,446
1604880000000,28001,78342450057,2245,2413,873,447
1604966400000,28221,79262715558,2263,2437,875,448
1605052800000,28281,79585554415,2272,2439,873,448
1605139200000,28379,80231913239,2279,2440,875,451
1605225600000,28469,80679093655,2289,2450,878,451
1605312000000,28490,80575638778,2294,2450,879,451
1605398400000,28738,81072867869,2307,2468,879,450
1605484800000,28961,81492444475,2322,2486,880,448
1605571200000,28947,81372592142,2321,2489,879,447
1605657600000,28979,81653615222,2325,2490,881,447
1605744000000,29066,81779439562,2327,2511,881,448
1605830400000,29034,81394940318,2329,2521,878,447
1605916800000,29115,81679719082,2331,2543,876,449
1606003200000,29192,82313963965,2343,2546,877,449
1606089600000,29231,82311088293,2361,2543,875,449
1606176000000,29112,81493499294,2367,2550,873,450
1606262400000,29053,81302257821,2366,2550,871,449
1606348800000,28914,81254329387,2356,2552,873,448
1606435200000,28771,80800887923,2355,2548,875,448
1606521600000,28785,80678261960,2357,2554,875,448
1606608000000,28882,80433079657,2368,2610,872,450
1606694400000,28920,80430970340,2373,2629,875,451
1606780800000,28891,80615560133,2378,2626,873,451
1606867200000,28858,80687609679,2383,2625,872,451
1606953600000,28831,80649626222,2385,2628,873,451
1607040000000,28786,80798536132,2383,2626,873,451
1607126400000,28803,80844994212,2384,2638,872,451
1607212800000,28833,80814269283,2392,2638,870,452
1607299200000,28980,81174227003,2410,2639,874,454
1607385600000,29017,81677284663,2418,2640,874,454
1607472000000,29075,81788125706,2423,2641,872,456
1607558400000,29062,81715878129,2424,2636,872,459
1607644800000,29011,81709005162,2418,2637,869,459
1607731200000,28977,81607758811,2430,2631,866,458
1607817600000,28987,81639877831,2434,2630,864,459
1607904000000,29117,82085481332,2449,2631,864,459
1607990400000,29190,82452913822,2453,2637,863,459
1608076800000,29197,82406650437,2455,2634,857,457
1608163200000,29100,82403887726,2455,2629,858,457
1608249600000,28956,81882443744,2450,2627,854,457
1608336000000,28972,82193010344,2451,2630,853,457
1608422400000,28976,82163294107,2453,2633,855,459
1608508800000,29026,82317694273,2451,2644,853,460
1608595200000,28973,82207195431,2444,2648,852,458
1608681600000,28954,81996763920,2449,2654,851,457
1608768000000,28938,81981849770,2457,2658,850,456
1608854400000,28962,81771445386,2465,2665,853,457
1608940800000,28993,81615358438,2472,2666,859,456
1609027200000,28966,81564654371,2475,2617,862,454
1609113600000,28978,81489887365,2496,2650,859,456
1609200000000,29016,81460497264,2523,2661,860,456
1609286400000,29113,81105211865,2530,2711,860,456
1609372800000,29353,80209122308,2548,2725,883,457
1609459200000,29357,80129954976,2557,2723,884,459
1609545600000,29434,80245849163,2583,2722,890,460
1609632000000,29473,80202887440,2605,2706,891,460
1609718400000,29456,80598203914,2615,2705,890,462
1609804800000,29475,80590401468,2631,2703,892,463
1609891200000,29555,80740249141,2640,2699,893,467
1609977600000,29635,80706141320,2656,2702,898,468
1610064000000,29651,80818110635,2661,2704,903,470
1610150400000,29678,81366051024,2669,2704,901,471
1610236800000,29699,80977025858,2682,2706,900,472
1610323200000,29778,80849649634,2685,2716,899,473
1610409600000,29769,80836308805,2684,2729,899,472
1610496000000,29804,81592611476,2687,2731,902,474
1610582400000,29783,81592760279,2690,2728,901,475
1610668800000,29790,81550195307,2703,2727,901,475
1610755200000,29753,81408728446,2709,2730,901,477
1610841600000,29769,81339220838,2725,2728,908,479
1610928000000,29896,81248418444,2738,2728,917,479
1611014400000,29888,81093195901,2755,2730,918,483
1611100800000,29940,81336689864,2764,2728,920,485
1611187200000,29967,81235160954,2779,2729,920,484
1611273600000,29894,81070743398,2788,2727,920,484
1611360000000,29857,80921355721,2798,2725,918,486
1611446400000,29977,81238309376,2829,2724,918,487
1611532800000,30179,81384519345,2867,2721,917,486
1611619200000,30053,80598422208,2883,2708,917,486
1611705600000,30130,80653458190,2902,2709,919,487
1611792000000,30163,80364528658,2923,2709,917,487
1611878400000,30233,80599805808,2935,2703,912,488
1611964800000,30114,80157611196,2939,2698,911,487
1612051200000,30111,79917005106,2954,2696,908,488
1612137600000,30185,79545302368,2972,2695,905,489
1612224000000,30147,79248002283,2976,2690,905,488
1612310400000,30159,78806990458,2983,2691,920,486
1612396800000,30299,79010654656,3009,2687,982,486
1612483200000,30331,78958691356,3015,2687,979,485
1612569600000,30430,79326994135,3028,2685,1033,486
1612656000000,30472,79412405977,3046,2686,1035,486
1612742400000,30616,79431867994,3072,2686,1035,486
1612828800000,30709,79834814912,3089,2684,1037,485
1612915200000,30732,80093872345,3091,2687,1036,486
1613001600000,30748,80181893674,3094,2683,1037,487
1613088000000,30742,80090602227,3102,2677,1037,487
1613174400000,30749,80068206441,3106,2678,1040,489
1613260800000,30809,80062468090,3131,2680,1042,489
1613347200000,30908,80396209420,3154,2687,1042,491
1613433600000,30989,80673833824,3171,2690,1042,492
1613520000000,30989,80793310993,3186,2688,1040,491
1613606400000,31067,81010269702,3203,2691,1081,492
1613692800000,31091,81132987422,3214,2688,1125,492
1613779200000,31108,81357444466,3228,2686,1141,493
1613865600000,31283,81340117818,3250,2817,1140,493
1613952000000,31161,80181075187,3264,2821,1139,494
1614038400000,31139,80174642040,3277,2821,1138,495
1614124800000,31052,80060309798,3285,2823,1138,496
1614211200000,31074,80148990821,3297,2829,1137,496
1614297600000,31081,80202707119,3321,2833,1135,495
1614384000000,31177,80145940752,3342,2837,1161,496
1614470400000,31340,80848060578,3371,2838,1166,496
1614556800000,31430,81004387815,3387,2838,1167,498
1614643200000,31525,81288192522,3398,2840,1170,500
1614729600000,31568,81671280211,3418,2838,1167,500
1614816000000,31607,81968266607,3435,2830,1168,503
1614902400000,31507,82331408690,3442,2665,1169,507
1614988800000,31580,82678525089,3464,2667,1167,506
1615075200000,31808,83165643305,3501,2668,1167,506
1615161600000,31980,84065130115,3525,2667,1167,510
1615248000000,32094,84468723407,3536,2670,1165,511
1615334400000,32242,85716980305,3562,2664,1162,512
1615420800000,32249,86112352443,3562,2659,1162,511
1615507200000,32153,85967672370,3569,2655,1158,510
1615593600000,32178,86102551538,3583,2659,1159,510
1615680000000,32172,86124436718,3587,2656,1156,511
1615766400000,32330,86894127669,3626,2661,1155,513
1615852800000,32438,86959405544,3628,2763,1156,513
1615939200000,32553,86990658090,3648,2806,1158,514
1616025600000,32457,86955901685,3652,2807,1155,514
1616112000000,32407,86939379770,3667,2804,1154,515
1616198400000,32497,87219189133,3707,2807,1156,516
1616284800000,32701,87387372537,3756,2813,1156,518
1616371200000,32990,88182726910,3801,2816,1160,519
1616457600000,33084,88690073467,3823,2820,1163,519
1616544000000,33246,89119818983,3859,2821,1166,520
1616630400000,33515,89440940493,3893,2824,1306,519
1616716800000,33669,89227825309,3931,2822,1316,522
1616803200000,33707,89381241546,3943,2827,1315,524
1616889600000,33927,90143318048,4002,2827,1317,523
1616976000000,34126,90569147972,4041,2822,1318,525
1617062400000,34235,90926018746,4083,2815,1319,527
1617148800000,34318,91138467009,4102,2816,1319,529
1617235200000,34381,91110320185,4134,2823,1321,529
1617321600000,34477,91251773019,4158,2828,1323,532
1617408000000,34529,91327321704,4183,2827,1320,532
1617494400000,34668,91769936088,4221,2830,1321,532
1617580800000,34986,92456705568,4264,2826,1323,535
1617667200000,34947,92125142491,4287,2821,1315,532
1617753600000,34946,92417768691,4303,2814,1313,531
1617840000000,35125,93056670037,4343,2817,1310,532
1617926400000,35172,92390293650,4344,2807,1314,529
1618012800000,35258,92511609509,4381,2809,1317,530
1618099200000,35454,93226500244,4414,2806,1315,530
1618185600000,35684,93581856973,4454,2804,1316,533
1618272000000,35802,93940321885,4483,2806,1314,534
1618358400000,35807,93901972036,4498,2803,1315,535
1618444800000,35746,93600660577,4499,2800,1308,538
1618531200000,35742,93545042351,4511,2746,1307,539
1618617600000,35697,93555686372,4511,2757,1311,540
1618704000000,35605,93378932513,4510,2756,1307,539
1618790400000,35517,93165492014,4506,2758,1303,541
1618876800000,35448,93066460865,4510,2752,1300,542
1618963200000,35396,93163817126,4519,2753,1298,542
1619049600000,35325,92991994558,4522,2755,1296,542
1619136000000,35201,92790030320,4518,2755,1294,540
1619222400000,35140,92742910957,4540,2753,1295,541
1619308800000,35183,93078462333,4580,2753,1296,546
1619395200000,35230,93523077434,4620,2739,1296,547
1619481600000,35121,93061922318,4622,2733,1294,547
1619568000000,35101,93686799211,4658,2731,1294,549
1619654400000,35168,94027708538,4675,2722,1292,554
1619740800000,35239,94530277293,4702,2720,1292,555
1619827200000,35388,94932976665,4727,2719,1292,556
1619913600000,35632,95439653393,4770,2721,1295,556
1620000000000,36134,97045246978,4822,2727,1295,558
1620086400000,36397,97436319747,4869,2727,1291,559
1620172800000,36657,98012275998,4898,2729,1290,559
1620259200000,36822,98540239299,4933,2727,1292,559
1620345600000,37058,99719445670,4985,2720,1272,559
1620432000000,37321,100335456328,5028,2714,1267,559
1620518400000,37532,101043081972,5054,2715,1264,560
1620604800000,37809,101495730563,5071,2716,1264,560
1620691200000,38128,102509539838,5111,2711,1263,562
1620777600000,38532,103595896311,5158,2707,1264,561
1620864000000,38825,104465694151,5182,2685,1266,560
1620950400000,38953,105186513122,5204,2683,1265,563
1621036800000,39079,105431511150,5212,2685,1266,564
1621123200000,39230,105756893317,5239,2688,1267,565
1621209600000,39430,106745754358,5259,2677,1264,565
1621296000000,39325,106262541168,5278,2662,1263,566
1621382400000,39209,106162122724,5276,2660,1261,567
1621468800000,39053,105970572841,5268,2661,1259,568
1621555200000,38955,105606191188,5271,2656,1259,565
1621641600000,38911,105603941777,5270,2659,1260,566
1621728000000,38930,105796450305,5288,2658,1259,566
1621814400000,38948,106084279863,5301,2659,1261,567
1621900800000,39025,106361590787,5319,2657,1259,565
1621987200000,39034,106645664949,5358,2653,1257,568
1622073600000,39115,107180488461,5379,2653,1257,569
1622160000000,39194,107985555993,5397,2651,1258,569
1622246400000,39363,108866444544,5421,2654,1257,568
1622332800000,39592,109681415221,5449,2654,1258,568
1622419200000,40001,110897436813,5489,2654,1262,567
1622505600000,40206,111557962338,5513,2649,1263,571
1622592000000,40422,111967192191,5533,2646,1264,572
1622678400000,40805,113085503741,5572,2644,1265,576
1622764800000,41039,113663665007,5593,2648,1263,577
1622851200000,41219,114483526590,5624,2650,1264,581
1622937600000,41453,115692729040,5637,2652,1265,581
1623024000000,41691,116161065858,5661,2647,1266,580
1623110400000,41821,116696868336,5685,2645,1264,581
1623196800000,42025,118020798683,5711,2645,1266,581
1623283200000,42166,118349447042,5728,2646,1266,582
1623369600000,42191,118211732059,5753,2642,1269,582
1623456000000,42198,117905799328,5778,2639,1267,582
1623542400000,42449,118945710877,5835,2638,1267,582
1623628800000,42774,122149880866,5895,2645,1265,582
1623715200000,42838,122371228734,5921,2645,1263,582
1623801600000,42979,123243979951,5955,2636,1248,583
1623888000000,43157,124189390285,5975,2636,1252,582
1623974400000,43352,125361527979,6008,2629,1252,584
1624060800000,43572,126708138516,6052,2630,1254,580
1624147200000,43866,128545443122,6104,2637,1257,580
1624233600000,43932,128924321724,6130,2636,1257,581
1624320000000,43957,129118881892,6147,2633,1258,580
1624406400000,43933,129420545229,6165,2633,1260,580
1624492800000,44015,129423283419,6189,2631,1261,580
1624579200000,44103,130026277945,6220,2629,1260,580
1624665600000,44255,130923763901,6243,2628,1260,584
1624752000000,44429,131562825478,6272,2628,1259,584
1624838400000,44467,131578302860,6289,2627,1258,586
1624924800000,44596,131615029383,6319,2628,1263,586
1625011200000,44743,132039029044,6338,2640,1277,586
1625097600000,44812,132191698654,6357,2641,1277,587
1625184000000,44850,132318150171,6385,2642,1278,586
1625270400000,44816,132281631931,6398,2642,1278,587
1625356800000,45158,132995129037,6438,2643,1280,590
1625443200000,45513,134277403286,6477,2643,1282,589
1625529600000,46242,137538030673,6538,2632,1282,595
1625616000000,46741,139545874538,6587,2636,1279,596
1625702400000,47046,141280890781,6614,2635,1278,596
1625788800000,47478,144511976126,6642,2634,1279,595
1625875200000,47760,145701054626,6658,2635,1279,600
1625961600000,48172,147380200580,6701,2634,1281,600
1626048000000,48620,149781232783,6735,2634,1282,603
1626134400000,48875,150527634595,6757,2633,1283,604
1626220800000,49241,151650632535,6786,2630,1281,604
1626307200000,49784,153365209946,6838,2635,1283,606
1626393600000,50073,154351185432,6877,2636,1281,606
1626480000000,50431,155485740071,6915,2638,1283,607
1626566400000,50817,156428798703,7002,2637,1281,608
1626652800000,51076,156946872907,7082,2636,1281,610
1626739200000,50998,157523497070,7108,2613,1204,613
1626825600000,51229,158764176187,7144,2611,1203,614
1626912000000,51526,159913490026,7202,2609,1205,613
1626998400000,51882,163438621840,7229,2606,1159,615
1627084800000,52257,166505237294,7272,2610,1162,617
1627171200000,52630,167471414428,7310,2611,1161,619
1627257600000,53042,168560463839,7348,2610,1160,624
1627344000000,53346,169407072053,7397,2606,1161,628
1627430400000,53977,170422430204,7542,2605,1165,631
1627516800000,54352,172748899587,7574,2607,1164,632
1627603200000,54699,175205827942,7610,2611,1172,634
1627689600000,54992,176533724630,7643,2610,1169,637
1627776000000,55344,178715820230,7673,2609,1169,640
1627862400000,55817,180617077851,7709,2611,1172,642
1627948800000,56132,182571679433,7730,2599,1172,641
1628035200000,56498,183774714704,7761,2604,1172,647
1628121600000,56726,185028301993,7787,2606,1171,646
1628208000000,57042,185869449333,7816,2609,1174,648
1628294400000,57362,186635893018,7884,2606,1175,651
1628380800000,57627,187615447400,7972,2606,1174,653
1628467200000,58003,188696382376,8016,2607,1173,650
1628553600000,58286,189589322293,8054,2608,1173,653
1628640000000,58527,190682335482,8106,2603,1171,653
1628726400000,58774,191346476459,8169,2602,1170,653
1628812800000,58963,191874054847,8237,2598,1170,651
1628899200000,59079,192256622340,8299,2600,1171,651
1628985600000,59197,193296895301,8336,2588,1144,652
1629072000000,59515,194070090247,8363,2588,1146,655
1629158400000,59870,195606499936,8427,2591,1148,656
1629244800000,60068,196198538602,8485,2591,1150,655
1629331200000,60220,196795264507,8572,2590,1150,659
1629417600000,60467,197581289547,8648,2589,1151,661
1629504000000,60553,197965818750,8667,2597,1151,660
1629590400000,60717,197850756291,8703,2601,1153,661
1629676800000,60869,198291672762,8742,2598,1155,662
1629763200000,61034,198921357826,8773,2594,1154,664
1629849600000,61276,200017637696,8836,2595,1157,664
1629936000000,61595,200572712046,8929,2600,1159,666
1630022400000,61878,201976036020,8993,2600,1162,668
1630108800000,62031,202433174891,9029,2601,1162,670
1630195200000,62197,202564130439,9064,2603,1163,668
1630281600000,62385,202707589825,9105,2602,1166,668
1630368000000,62378,202773483894,9120,2601,1165,667
1630454400000,62564,203120297584,9155,2607,1170,670
1630540800000,62748,203522117328,9176,2608,1174,669
1630627200000,62970,203792020241,9217,2612,1175,672
1630713600000,63240,204248577681,9252,2612,1177,674
1630800000000,63469,205124642135,9279,2614,1179,676
1630886400000,63634,205463596247,9312,2613,1184,675
1630972800000,63587,205456596231,9308,2612,1190,674
1631059200000,63317,204770250509,9292,2608,1188,671
1631145600000,64494,210672154781,8445,2528,2073,807
1631232000000,65182,212664961127,8538,2582,2147,816
1631318400000,65503,213239689551,8578,2583,2146,818
1631404800000,65861,215860327119,8596,2582,2144,819
1631491200000,66077,217103720017,8631,2580,2159,819
1631577600000,66353,217222659579,8667,2582,2193,821
1631664000000,66691,219286447805,8696,2579,2193,821
1631750400000,66834,219791717685,8734,2581,2207,826
1631836800000,66969,235866154690,8762,2583,2221,829
1631923200000,67293,237939616829,8792,2586,2226,832
1632009600000,67633,238787698019,8842,2587,2225,833
1632096000000,67526,238464458325,8828,2586,2221,832
1632182400000,67121,236839080505,8814,2583,2218,831
1632268800000,66715,235977317819,8774,2580,2216,830
1632355200000,66462,234653320137,8758,2579,2216,829
1632441600000,65637,233314240246,8669,2509,2126,820
1632528000000,65322,232430893620,8650,2508,2128,819
1632614400000,64900,231514553154,8622,2496,2110,819
1632700800000,64444,230353091364,8599,2490,2107,818
1632787200000,63107,224788745444,8544,2481,2096,816
1632873600000,60280,214797175160,8412,2377,2083,810
1633564800000,58179,238547313072,8579,2126,1810,815
1633651200000,64908,258507615682,8845,2437,2003,835
1633737600000,64885,258462793089,8842,2437,2003,835
1633824000000,64850,258414357019,8837,2436,2003,835
1633910400000,64811,258355598258,8834,2435,2003,835
1633996800000,64746,258248888874,8827,2434,2002,835
1634083200000,64669,258043147268,8820,2431,2002,834
1634169600000,64443,257369490713,8800,2427,1989,834
1645401600000,65999,245153511900,10593,2383,3725,981
1645488000000,75056,281603489002,10862,2407,3898,996
1645574400000,80073,301294286539,10975,2411,4159,1003
1645660800000,80436,303002629026,10992,2413,4160,1008
1645747200000,80852,303869196256,11001,2412,4409,1009
1645833600000,81107,304845775204,11015,2415,4411,1011
1645920000000,81451,306155816483,11046,2415,4410,1011
1646006400000,81685,306963896103,11066,2415,4412,1013
1646092800000,81838,306604215662,11071,2415,4412,1014
1646179200000,81835,305947766772,11085,2409,4413,1014
1646265600000,81711,305931991982,11099,2370,4414,1016
1646352000000,81890,306739025524,11111,2370,4415,1017
1646438400000,82072,307097873811,11135,2370,4416,1018
1646524800000,82304,307808605988,11166,2372,4415,1020
1646611200000,82530,308425411156,11176,2372,4416,1021
1646697600000,82757,309846871970,11187,2372,4417,1020
1646784000000,82774,310861977497,11188,2368,4416,1021
1646870400000,82344,308230045285,11163,2392,4415,1023
1646956800000,82339,308109777513,11174,2398,4417,1020
1647043200000,82303,308063406579,11191,2400,4415,1021
1647129600000,82304,308477798463,11188,2398,4413,1020
1647216000000,82407,308741128121,11201,2405,4414,1018
1647302400000,82269,308035646187,11198,2403,4413,1018
1647388800000,82276,308586364251,11210,2404,4421,1024
1647475200000,82313,309555068669,11212,2405,4441,1028
1647561600000,82326,310676863151,11220,2405,4470,1031
1647648000000,82377,311346596618,11218,2404,4486,1035
1647734400000,82577,312352632094,11231,2406,4487,1037
1647820800000,82575,312620326631,11232,2404,4485,1037
1647907200000,82524,312619147508,11240,2405,4471,1038
1647993600000,82421,312522650123,11240,2406,4460,1039
1648080000000,82492,313107700653,11257,2403,4450,1039
1648166400000,82545,313520832879,11264,2408,4443,1038
1648252800000,82705,315012806642,11270,2409,4441,1038
1648339200000,82758,315522723343,11271,2407,4440,1037
1648425600000,82825,316255682643,11283,2397,4437,1038
1648512000000,82788,316704576266,11299,2398,4437,1039
1648598400000,82734,316745662535,11291,2400,4441,1043
1648684800000,82646,317319075430,11283,2397,4431,1044
1648771200000,82552,317491970344,11276,2398,4430,1044
1648857600000,82462,318243170495,11259,2398,4428,1044
1648944000000,82432,320041327327,11241,2387,4426,1043
1649030400000,82002,319955867188,11224,2386,4426,1046
1649116800000,82049,320464763078,11240,2403,4425,1047
1649203200000,81846,319929316296,11227,2401,4422,1045
1649289600000,81901,321080825058,11241,2401,4411,1048
1649376000000,81614,319743841421,11252,2410,4410,1048
1649462400000,81307,319489167183,11271,2408,4150,1049
1649548800000,81093,319924420333,11297,2409,3919,1050
1649635200000,81328,320973469197,11323,2412,3920,1053
1649721600000,81364,321135792645,11327,2412,3921,1053
1649808000000,81442,321975094618,11341,2412,3917,1049
1649894400000,81438,323008640272,11361,2412,3915,1047
1649980800000,81431,322424319413,11371,2409,3914,1045
1650067200000,81370,322521464684,11392,2408,3914,1048
1650153600000,81304,322645519558,11411,2409,3853,1052
1650240000000,81347,322672558076,11422,2408,3854,1051
1650326400000,81302,323661346069,11428,2387,3859,1050
1650412800000,81302,323826816608,11431,2385,3860,1052
1650499200000,81433,324191675760,11460,2385,3863,1056
1650585600000,81633,325427810684,11494,2384,3866,1057
1650672000000,81630,325842707901,11498,2383,3868,1057
1650758400000,81782,327712596217,11523,2387,3840,1064
1650844800000,82073,328517594353,11543,2387,3836,1065
1650931200000,82278,329810795472,11551,2391,3805,1066
1651017600000,82300,330416265932,11556,2393,3803,1068
1651104000000,82645,332867426527,11582,2395,3756,1072
1651190400000,82643,333377658985,11587,2395,3736,1074
1651276800000,82434,333013462629,11587,2395,3586,1075
1651363200000,81329,333866700147,11599,2396,2433,1075
1651449600000,80794,334706643942,11622,2393,1640,1076
1651536000000,80067,335073095027,11619,2393,971,1076
1651622400000,79857,330322307998,11567,2389,973,1078
1651708800000,79417,328195045382,11443,2391,973,1078
1651795200000,79180,327130127860,11448,2394,972,1079
1651881600000,79214,328054138066,11395,2401,970,1083
1651968000000,79193,330095224953,11400,2398,969,1080
1652054400000,79501,330800299698,11416,2399,971,1080
1652140800000,79399,330221587045,11421,2397,966,1077
1652227200000,79434,330183540572,11397,2399,951,1078
1652313600000,79349,330860786752,11393,2400,940,1078
1652400000000,79184,330224005650,11392,2399,938,1080
1652486400000,78992,329971190125,11390,2397,941,1079
1652572800000,78894,329857243297,11390,2397,940,1080
1652659200000,78833,329825028245,11405,2396,940,1079
1652745600000,78921,330479761656,11428,2397,941,1082
1652832000000,78914,330770642939,11426,2395,937,1082
1652918400000,78716,329760214816,11414,2393,937,1082
1653004800000,78536,329384714321,11407,2395,935,1084
1653091200000,78978,332220869962,11437,2401,939,1090
1653177600000,79192,333706911903,11466,2402,936,1088
1653264000000,79383,334678555655,11492,2401,936,1089
1653350400000,79604,336166293836,11507,2405,937,1092
1653436800000,79563,336921291716,11498,2403,936,1089
1653523200000,79745,338591702852,11505,2402,936,1089
1653609600000,79809,339130652551,11507,2401,932,1088
1653696000000,79911,339692159584,11511,2400,932,1090
1653782400000,79939,339934754046,11512,2402,933,1087
1653868800000,79897,340283949667,11520,2400,933,1088
1653955200000,79599,338744526354,11528,2398,933,1088
1654041600000,78995,335931561956,11497,2393,933,1085
1654128000000,79122,336650176937,11500,2392,935,1084
1654214400000,79050,336433336566,11490,2392,934,1084
1654300800000,78886,336001144036,11475,2392,934,1083
1654387200000,78585,335286753306,11453,2386,933,1082
1654473600000,78270,333695589082,11428,2385,932,1080
1654560000000,78006,333161803033,11399,2385,927,1079
1654646400000,77703,331947796888,11359,2384,925,1078
1654732800000,77404,330489102802,11320,2379,922,1076
1654819200000,77028,329173895938,11283,2373,920,1069
1654905600000,76483,326825914615,11240,2368,916,1067
1654992000000,75988,324881805183,11181,2364,911,1065
1655078400000,74508,320584191808,10915,2313,887,1059
1661817600000,81753,461233591527,11440,2308,979,1113
1661904000000,81845,461612764886,11452,2311,967,1122
1661990400000,81265,461366975603,11360,2297,962,1119
1662076800000,81590,463830496016,11426,2304,974,1122
1662163200000,81750,464860801514,11437,2303,975,1131
1662249600000,82012,467813078174,11461,2306,963,1136
1662336000000,81964,467849145303,11441,2304,953,1132
1662422400000,81820,468370021226,11442,2304,959,1136
1662508800000,81911,470969139943,11437,2303,967,1137
1662595200000,81888,470974910182,11438,2299,969,1146
1662681600000,81691,469136829482,11440,2299,976,1146
1662768000000,81464,472991164602,11409,2300,953,1146
1662854400000,81580,474378872864,11421,2299,962,1146
1662940800000,81605,474637385757,11419,2299,967,1149
1663027200000,81364,474713123955,11368,2287,960,1157
1663113600000,81586,477240674772,11407,2293,963,1162
1663200000000,81620,478324253873,11408,2291,969,1163
1663286400000,81642,479007440718,11410,2292,970,1162
1663372800000,81438,477547917081,11390,2289,970,1163
1663459200000,81439,478490920610,11397,2286,977,1166
1663545600000,81489,478104705354,11412,2287,969,1168
1663632000000,81444,478524853240,11379,2291,968,1160
1663718400000,81624,481509988780,11403,2289,973,1164
1663804800000,81659,480897984025,11400,2289,970,1169
1663891200000,81570,481302205862,11410,2291,978,1166
1663977600000,81512,482842108402,11380,2290,969,1172
1664064000000,81541,484134314523,11389,2293,972,1175
1664150400000,81560,486367568554,11396,2292,982,1178
1664236800000,81264,486291629730,11344,2290,959,1174
1664323200000,81413,487248302596,11386,2294,971,1178
1664409600000,81462,489834380478,11389,2294,972,1180
1664496000000,81545,492394345393,11392,2295,977,1185
1664582400000,81449,493331462011,11370,2292,973,1192
1664668800000,81559,495329525214,11376,2293,985,1197
1664755200000,81587,495955251007,11389,2293,980,1195
1664841600000,81402,497708877486,11331,2296,967,1185
1664928000000,81645,498257610824,11371,2296,978,1191
1665014400000,81691,499898655336,11369,2299,979,1191
1665100800000,81569,496202831180,11392,2306,976,1196
1665187200000,81459,497742461516,11363,2304,978,1199
1665273600000,81427,497454724040,11381,2302,982,1205
1665360000000,81311,497835161463,11379,2302,981,1204
1665446400000,81115,499952478819,11352,2299,976,1206
1665532800000,81235,501071914244,11369,2307,989,1207
1665619200000,80778,499525515066,11365,2305,973,1214
1665705600000,80530,499373802838,11369,2306,977,1218
1665792000000,80138,499759987302,11355,2308,968,1207
1665878400000,80042,500249215377,11356,2307,980,1218
1665964800000,79855,501541680294,11361,2307,977,1214
1666051200000,79053,497486661448,11259,2299,960,1203
1666137600000,79082,499822615363,11317,2304,981,1213
1666224000000,79054,503596853606,11319,2304,995,1222
1666310400000,79224,504707634472,11322,2308,997,1228
1666396800000,79203,507690254335,11310,2306,996,1226
1666483200000,79402,509682429753,11309,2300,1006,1231
1666569600000,79469,512123366340,11306,2306,1007,1230
1666656000000,78051,511336182424,11067,2275,971,1208
1666742400000,78256,515780151035,11071,2277,978,1208
1666828800000,78264,514275943125,11079,2278,984,1212
1666915200000,78285,519313789226,11087,2281,980,1217
1667001600000,75737,509856257471,10774,2274,964,1210
1667088000000,75961,512856086505,10776,2275,969,1214
1667174400000,76190,514543300244,10783,2276,980,1217
1667260800000,75537,513523698232,10714,2273,953,1214
1667347200000,75650,512876216081,10736,2274,962,1217
1667433600000,75620,514792340220,10737,2276,972,1218
1667520000000,75565,513368232588,10731,2278,973,1226
1667606400000,75523,515267568589,10711,2281,978,1224
1667692800000,75600,517932191865,10718,2283,974,1226
1667779200000,75714,520890530098,10721,2288,986,1224
1667865600000,75322,516184712578,10679,2282,968,1222
1667952000000,75490,515420941314,10706,2283,974,1226
1668038400000,75497,513757011771,10708,2263,966,1229
1668124800000,75575,513753912008,10703,2244,976,1228
1668211200000,75428,514096920204,10678,2239,969,1226
1668297600000,75593,515621065707,10701,2241,969,1225
1668384000000,75627,516174823469,10711,2243,973,1228
1668470400000,74780,512068405007,10503,2236,967,1228
1668556800000,75011,510990314814,10552,2236,972,1230
1668643200000,75068,512289834665,10557,2237,969,1234
1668729600000,75290,517784267815,10550,2240,978,1237
1668816000000,74289,512689680559,10417,2241,975,1233
1668902400000,74368,513905314786,10437,2244,977,1231
1668988800000,74222,506614054055,10413,2249,974,1229
1669075200000,73950,507676956300,10360,2234,975,1226
1669161600000,74297,510470640453,10401,2236,983,1232
1669248000000,74323,509262262090,10418,2239,991,1232
1669334400000,74453,512206055077,10428,2241,983,1237
1669420800000,74422,512056227767,10395,2243,971,1239
1669507200000,74651,514139224054,10411,2244,973,1243
1669593600000,74768,516271678002,10423,2244,973,1238
1669680000000,74250,512231131822,10351,2235,967,1223
1669766400000,74384,512684704347,10370,2241,969,1241
1669852800000,74379,510942510807,10382,2243,966,1240
1669939200000,74425,510243012998,10392,2244,966,1245
1670025600000,74098,509122455517,10318,2243,969,1235
1670112000000,74133,508481374026,10353,2249,970,1233
1670198400000,74074,510698199419,10357,2253,964,1235
1670284800000,73431,509469221913,10231,2239,949,1218
1670371200000,73984,510481211613,10339,2255,969,1239
1670457600000,73335,508339386475,10349,2254,967,1244
1670544000000,73468,509869251584,10358,2256,969,1244
1670630400000,72881,509185712189,10242,2246,963,1240
1670716800000,73101,510686181555,10258,2247,964,1245
1670803200000,73186,512168450656,10278,2248,966,1245
1670889600000,72950,513906946647,10213,2250,953,1241
1670976000000,73164,514248042566,10244,2253,961,1248
1671062400000,73292,517607937444,10247,2255,961,1255
1671148800000,73346,517614976380,10264,2256,963,1255
1671235200000,73372,520259334136,10277,2241,955,1253
1671321600000,73478,519329545068,10287,2244,958,1256
1671408000000,73397,518520697222,10248,2244,958,1256
1671494400000,73243,517960648087,10210,2237,959,1259
1671580800000,73417,518024681635,10229,2239,967,1259
1671667200000,73482,516857487774,10240,2240,964,1264
1671753600000,73601,516677520431,10251,2241,965,1263
1671840000000,73807,515829971446,10246,2242,1078,1271
1671926400000,73602,515037948478,10243,2241,1096,1269
1672012800000,73712,513676889885,10387,2243,965,1270
1672099200000,73257,510061476447,10313,2222,945,1264
1672185600000,73740,514009237953,10388,2242,981,1267
1672272000000,73805,516015236829,10420,2247,960,1269
1672358400000,73900,517287872780,10422,2247,987,1272
1672444800000,73632,515303263925,10405,2238,963,1267
1672531200000,73683,517316330215,10414,2238,965,1265
1672617600000,73904,518955305176,10426,2240,978,1273
1672704000000,73587,519268707931,10373,2230,960,1271
1672790400000,73702,518819520722,10407,2231,957,1277
1672876800000,73877,521595549764,10428,2226,965,1277
1672963200000,73935,520678261092,10445,2227,966,1277
1673049600000,73956,521137761696,10459,2227,967,1280
1673136000000,74026,520752944683,10478,2231,972,1283
1673222400000,74122,521830750954,10493,2233,965,1282
1673308800000,73804,522373223645,10385,2238,965,1274
1673395200000,73938,523561290501,10407,2238,974,1275
1673481600000,74009,523963232849,10406,2237,1005,1280
1673568000000,73831,519754347048,10456,2238,976,1279
1673654400000,73609,520118394916,10390,2235,968,1280
1673740800000,73823,520776270148,10417,2235,974,1283
1673827200000,73858,521200156891,10423,2235,971,1288
1673913600000,72942,520690893031,10177,2214,941,1275
1674000000000,73864,524273412338,10384,2236,968,1288
1674086400000,73974,526431656079,10390,2237,980,1295
1674172800000,74037,526649102450,10403,2238,972,1297
1674259200000,73990,526024287411,10402,2242,975,1293
1674345600000,74187,527254060813,10406,2241,981,1293
1674432000000,74308,529061292195,10411,2235,984,1299
1674518400000,73561,524593122300,10255,2229,979,1290
1674604800000,73963,528980919443,10335,2240,992,1293
1674691200000,74060,531249513094,10345,2243,1000,1294
1674777600000,74349,532816746069,10404,2243,1001,1304
1674864000000,73999,532146366510,10329,2241,981,1300
1674950400000,74415,529917155948,10399,2246,992,1305
1675036800000,74574,532104544292,10408,2247,987,1305
1675123200000,73231,529600995091,10123,2222,961,1299
1675209600000,74451,533618795849,10396,2247,992,1311
1675296000000,74571,535111055621,10424,2250,988,1310
1675382400000,74791,535570322455,10468,2254,985,1316
1675468800000,74245,536275606318,10340,2238,981,1316
1675555200000,74469,538188384923,10370,2244,974,1314
1675641600000,74723,538068142263,10413,2248,976,1315
1675728000000,73495,536859186098,10088,2216,945,1295
1675814400000,74405,539026758886,10345,2242,966,1312
1675900800000,74471,539639529808,10375,2245,972,1319
1675987200000,74611,540128312180,10417,2245,977,1324
1676073600000,73716,538120410460,10362,2237,962,1313
1676160000000,73929,538165100636,10416,2236,966,1319
1676246400000,74183,540283198598,10446,2237,979,1319
1676332800000,72522,536116077468,9993,2205,942,1288
1676419200000,74742,543504605208,10549,2253,991,1323
1676505600000,74639,539678573527,10560,2258,989,1324
1676592000000,74746,539633753581,10583,2262,991,1328
1676678400000,74254,537473443547,10465,2244,987,1327
1676764800000,74517,539234369172,10474,2247,1011,1331
1676851200000,74687,540258742096,10511,2248,991,1336
1676937600000,73588,538151663543,10316,2225,978,1333
1677024000000,73873,539125438836,10373,2239,979,1341
1677110400000,74040,539813959531,10386,2242,985,1342
1677196800000,74299,543647322439,10449,2249,980,1344
1677283200000,74080,543276832363,10440,2239,971,1342
1677369600000,74412,546858252724,10504,2238,976,1345
1677456000000,74317,545094716726,10528,2241,978,1346
1677542400000,71409,538639812767,9695,2058,914,1308
1677628800000,74125,543801161561,10526,2237,978,1339
1677715200000,74197,545199165111,10547,2237,971,1344
1677801600000,74147,541862907451,10550,2237,976,1348
1677888000000,73968,541810764651,10481,2235,1025,1345
1677974400000,74253,541982191880,10584,2242,970,1348
1678060800000,74454,543305181194,10619,2233,979,1356
1678147200000,72131,539755649112,9903,2173,933,1339
1678233600000,73888,543658781375,10506,2228,971,1361
1678320000000,73998,544873228934,10540,2235,972,1366
1678406400000,73632,542432082018,10530,2235,977,1369
1678492800000,73206,538352052660,10466,2228,980,1373
1678579200000,73756,541725786806,10611,2234,980,1381
1678665600000,73770,541247571444,10596,2233,976,1383
1678752000000,72264,539909430005,10136,2206,943,1364
1678838400000,73444,543664092303,10486,2235,992,1374
1678924800000,73522,543586290887,10525,2238,987,1379
1679011200000,73717,544267265188,10569,2238,996,1383
1679097600000,73920,546162288721,10593,2242,995,1383
1679184000000,73949,545510208550,10599,2247,1003,1384
1679270400000,63783,524229732010,7351,1629,737,1215
1679356800000,73714,546566516963,10590,2251,991,1379
1679443200000,73782,547645589648,10610,2250,999,1381
1679529600000,73849,548757708865,10622,2254,995,1382
1679616000000,73612,548403295416,10546,2250,995,1380
1679702400000,73525,547281741053,10567,2249,1007,1378
1679788800000,73603,549257245717,10596,2248,1007,1381
1679875200000,70403,538558263211,9815,1848,1185,1327
1679961600000,73300,543856400406,10580,2251,993,1388
1680048000000,73412,545651020258,10590,2253,1002,1392
1680134400000,73423,544095688975,10607,2253,1002,1391
1680220800000,73311,544105911220,10588,2250,1002,1389
1680307200000,73241,543821294970,10602,2248,1010,1389
1680393600000,73057,544176281340,10610,2249,1013,1385
1680480000000,65006,527858964668,8221,1748,769,1265
1680566400000,72981,545064630540,10602,2245,998,1394
1680652800000,73024,545655070055,10625,2250,998,1394
1680739200000,72961,545349024095,10621,2247,1003,1396
1680825600000,73010,545887484211,10630,2250,997,1392
1680912000000,73099,546382720789,10648,2250,1006,1392
1680998400000,73178,547597985586,10668,2250,1002,1390
1681084800000,65738,528538204777,8341,1968,768,1263
1681171200000,72875,547147186754,10642,2249,1006,1392
1681257600000,72932,545752243892,10660,2249,1006,1393
1681344000000,73082,546989923472,10681,2250,1007,1395
1681430400000,73014,547142830560,10669,2240,1004,1389
1681516800000,73084,547810033566,10688,2237,1011,1389
1681603200000,73097,548007285494,10712,2243,1002,1389
1681689600000,62342,526819058624,7326,1473,691,1206
1681776000000,72948,549929439612,10669,2244,1008,1377
1681862400000,72949,547492239553,10699,2241,1009,1378
1681948800000,72960,544833873265,10729,2242,1007,1380
1682035200000,72799,543679742265,10720,2232,1004,1374
1682121600000,72837,543068153269,10739,2231,1015,1371
1682208000000,72916,544218051795,10752,2233,1013,1377
1682294400000,60991,518860062147,7281,1153,530,1205
1682380800000,72610,542502056790,10724,2149,1002,1377
1682467200000,72637,542349988646,10730,2152,1014,1378
1682553600000,72664,542718604328,10745,2153,1013,1381
1682640000000,72593,543995309258,10742,2147,1001,1381
1682726400000,72540,545607216068,10762,2146,1009,1381
1682812800000,72524,545792517819,10774,2147,1008,1383
1682899200000,68056,536792156644,9481,2031,882,1315
1682985600000,72649,546639889390,10835,2153,1017,1391
1683072000000,72748,546191628970,10880,2154,1014,1395
1683158400000,72819,545880144087,10896,2156,1017,1399
1683244800000,72424,545312385926,10859,2123,987,1396
1683331200000,72381,544889697937,10870,2123,987,1395
1683417600000,72454,545124633054,10890,2127,982,1402
1683504000000,67207,531494814800,9150,1995,876,1327
1683590400000,72490,544424873251,10899,2154,1002,1398
1683676800000,72477,541599135032,10914,2159,1006,1400
1683763200000,72514,541203449697,10943,2161,1005,1408
1683849600000,72474,542812692293,10940,2159,998,1409
1683936000000,72623,544004963851,10994,2160,1005,1414
1684022400000,72146,539720162951,11000,2163,1001,1417
1684108800000,67347,531636140825,9647,1914,909,1363
1684195200000,71569,537899006034,11010,2160,1000,1422
1684281600000,71600,538207959846,11031,2157,1000,1428
1684368000000,71351,537034727516,11042,2159,1005,1428
1684454400000,70886,536902518406,10935,2151,990,1431
1684540800000,70988,537256824827,10979,2155,998,1431
1684627200000,70930,536711853021,11000,2156,1003,1431
1684713600000,57905,514314015046,7003,1268,524,1194
1684800000000,70766,540592738190,11000,2147,992,1430
1684886400000,70859,540807795837,11011,2147,998,1439
1684972800000,71207,541763871946,11049,2151,1126,1442
1685059200000,70869,540962476036,11023,2151,1090,1443
1685145600000,70886,541336408574,11088,2152,1038,1444
1685232000000,71009,541610785753,11153,2165,999,1452
1685318400000,68449,535211604460,10541,2084,927,1415
1685404800000,70826,542656005811,11156,2144,986,1450
1685491200000,70967,542621110963,11173,2163,1005,1448
1685577600000,70884,538195699002,11192,2164,1003,1450
1685664000000,70477,539199144447,11121,2166,1001,1440
1685750400000,70474,539261804528,11136,2170,1001,1441
1685836800000,70487,540108586695,11146,2170,1004,1438
1685923200000,56691,512424722509,7119,1138,426,1212
1686009600000,70382,541591947753,11112,2157,984,1438
1686096000000,70510,542565948546,11134,2158,988,1438
1686182400000,70620,542387329315,11157,2160,989,1437
1686268800000,69994,542998752058,10991,2142,963,1434
1686355200000,69979,541874549143,11005,2140,965,1431
1686441600000,69880,541976466941,11009,2140,967,1427
1686528000000,60474,523052747069,7987,1859,720,1272
1686614400000,69218,541866856857,10967,2124,960,1427
1686700800000,69216,543373633653,10973,2125,962,1430
1686787200000,69360,544286742444,10977,2125,970,1435
1686873600000,68980,544018316571,10877,2135,978,1430
1686960000000,69147,543406333006,10914,2137,979,1434
1687046400000,69312,545167330173,10921,2140,988,1439
1687132800000,65426,537520072939,9802,2043,911,1380
1687219200000,69702,547889081406,11031,2140,1000,1442
1687305600000,69668,548412822120,11030,2140,998,1443
1687392000000,69764,548544278717,11055,2140,994,1444
1687478400000,69203,548477522055,10944,2120,984,1440
1687564800000,69316,549189055069,10944,2121,984,1445
1687651200000,69387,548913049285,10965,2119,986,1442
1687737600000,62653,535177691228,8810,1970,800,1318
1687824000000,69393,548627653396,10965,2127,1008,1445
1687910400000,69457,550005774642,10991,2130,997,1443
1687996800000,69390,548654056630,10978,2133,1003,1443
1688083200000,69060,548852720210,10897,2122,984,1440
1688169600000,69127,547673929440,10916,2121,992,1443
1688256000000,69177,548572540819,10946,2121,981,1444
1688342400000,64275,537396499305,9569,1954,828,1366
1688428800000,68792,546999374919,10918,2111,978,1441
1688515200000,68870,547010578934,10958,2112,995,1439
1688601600000,69019,547791840762,10981,2113,989,1444
1688688000000,68847,548834285410,10946,2116,990,1444
1688774400000,68933,549811577567,10965,2117,997,1445
1688860800000,69090,550662255794,10987,2119,1001,1445
1688947200000,64838,488083943643,9779,2048,914,1377
1689033600000,68422,493663375073,10945,2118,992,1450
1689120000000,68477,492923563629,10961,2116,995,1455
1689206400000,68360,492711066867,10957,2114,999,1450
1689292800000,68550,493374648493,11011,2104,998,1453
1689379200000,68709,492635021930,11059,2117,1005,1452
1689465600000,68730,493023315515,11066,2119,1007,1451
1689897600000,0,0,0,0,0,0
1690070400000,68057,500482898195,10962,2121,1007,1459
1690156800000,67427,499831412484,10787,2116,998,1452
1690243200000,67686,473355905114,10906,2120,1010,1461
1690329600000,67803,473209832855,10888,2118,1015,1464
1690416000000,67936,475885636574,10903,2126,1012,1466
1690502400000,67868,475698904195,10916,2125,1014,1471
1690588800000,67905,476335058325,10929,2125,1010,1474
1690675200000,67974,477628427231,10954,2126,1020,1469
1690761600000,67747,478138399191,10885,2121,1005,1466
1690848000000,68054,479325725880,10940,2128,1037,1476
1690934400000,68208,476213186293,10949,2129,1052,1477
1691020800000,68155,475577608760,10984,2134,1016,1478
1691107200000,68100,476496771734,10955,2133,1021,1476
1691193600000,68183,477658159095,10969,2132,1039,1484
1691280000000,68259,477251132678,10982,2132,1045,1482
1691366400000,68071,476283778660,10948,2136,1007,1480
1691452800000,68201,475331274288,10988,2145,1020,1486
1691539200000,68268,477980751628,11006,2145,1020,1486
1691625600000,68271,477703260769,11015,2141,1022,1485
1691712000000,68283,477362145105,11014,2134,1020,1478
1691798400000,68319,477139149058,11024,2137,1013,1482
1691884800000,68363,477670898527,11030,2135,1017,1479
1691971200000,68147,476569637336,10968,2139,1017,1477
1692057600000,68200,478000908054,10979,2139,1020,1482
1692144000000,68107,472421918330,10988,2138,1014,1483
1692230400000,68079,472851896823,11001,2141,1011,1481
1692316800000,67706,470171925209,10909,2134,1004,1484
1692403200000,67645,469790315785,10895,2133,1012,1483
1692489600000,67644,468505850141,10922,2136,1016,1481
1692576000000,67662,470760405355,10923,2135,1017,1483